Operation,Average,iter_1,iter_2,iter_3,iter_4,iter_5,iter_6,iter_7,iter_8,iter_9,iter_10
Data reading,27.118757915496825,27.476666927337646,27.369685888290405,27.534353971481323,27.218430519104004,26.720305919647217,26.85501790046692,27.027587890625,27.030834197998047,26.72657084465027,27.22812509536743
Data reading (no tabix),27.055174016952513,27.740795612335205,27.275363206863403,27.126353979110718,27.545275449752808,26.901790857315063,26.699275016784668,26.567097187042236,26.97321081161499,26.74556589126587,26.977012157440186
DF reading,26.91005721092224,27.352018117904663,27.08376932144165,27.22775149345398,27.085522174835205,26.685319423675537,26.842084169387817,26.619175910949707,26.800707578659058,26.876450538635254,26.52777338027954
Quality filtering,0.00010986328125,0.0,0.0,0.0,0.0,0.0,0.0010986328125,0.0,0.0,0.0,0.0
Case file reading,0.0003064870834350586,0.0,0.0,0.0,0.0009963512420654297,0.0009970664978027344,0.0,0.0,0.0,0.0,0.0010714530944824219
Case-control splitting,0.0009981632232666016,0.0009949207305908203,0.0010037422180175781,0.0009942054748535156,0.0010030269622802734,0.0009984970092773438,0.0009520053863525391,0.0010967254638671875,0.0009474754333496094,0.0010013580322265625,0.000989675521850586
Total,54.03022964000702,54.8296799659729,54.45445895195007,54.763099670410156,54.305952072143555,53.407620906829834,53.69915270805359,53.647860527038574,53.832489252090454,53.60402274131775,53.757959604263306
