Operation,Average,iter_1,iter_2,iter_3,iter_4,iter_5,iter_6,iter_7,iter_8,iter_9,iter_10
Data reading,0.06875734329223633,0.0667879581451416,0.0660548210144043,0.0717165470123291,0.0700991153717041,0.06670713424682617,0.06671333312988281,0.06769633293151855,0.07004070281982422,0.06619477272033691,0.07556271553039551
Data reading (no tabix),0.06683895587921143,0.0702199935913086,0.06771636009216309,0.06594967842102051,0.06672167778015137,0.06694865226745605,0.0653233528137207,0.06681299209594727,0.0661003589630127,0.06581974029541016,0.06677675247192383
DF reading,0.016410088539123534,0.017955303192138672,0.017699718475341797,0.015095710754394531,0.01614546775817871,0.016030311584472656,0.016048908233642578,0.016016244888305664,0.016077041625976562,0.016031742095947266,0.017000436782836914
Quality filtering,0.00029935836791992185,0.0,0.0,0.0,0.0,0.0010364055633544922,0.0,0.0,0.000946044921875,0.0,0.0010111331939697266
Case file reading,0.000403594970703125,0.0010731220245361328,0.0,0.0009884834289550781,0.0009725093841552734,0.0,0.0,0.0010018348693847656,0.0,0.0,0.0
Case-control splitting,0.0008256196975708008,0.0009868144989013672,0.0011932849884033203,0.0,0.0010004043579101562,0.0010218620300292969,0.0009579658508300781,0.0,0.0010535717010498047,0.0010502338409423828,0.0009920597076416016
Total,0.08669600486755372,0.08680319786071777,0.08494782447814941,0.08780074119567871,0.08821749687194824,0.08479571342468262,0.08372020721435547,0.08471441268920898,0.08811736106872559,0.08327674865722656,0.09456634521484375
