Operation,Average,iter_1,iter_2,iter_3,iter_4,iter_5,iter_6,iter_7,iter_8,iter_9,iter_10
Indexing,0.029192614555358886,0.03475308418273926,0.03181815147399902,0.027193546295166016,0.03301668167114258,0.026482105255126953,0.02808523178100586,0.025806427001953125,0.02811574935913086,0.02625274658203125,0.030402421951293945
Pos filtering,0.030800056457519532,0.035001277923583984,0.02839517593383789,0.027509450912475586,0.04027724266052246,0.027000904083251953,0.030015230178833008,0.0370030403137207,0.026589155197143555,0.027310609817504883,0.02889847755432129
Pos and qual filtering,0.031617379188537596,0.04008150100708008,0.029011011123657227,0.02900075912475586,0.033965349197387695,0.02804398536682129,0.030281782150268555,0.03701519966125488,0.03334689140319824,0.028284311294555664,0.027143001556396484
Case-control splitting,0.13429579734802247,0.1383225917816162,0.1352682113647461,0.1395859718322754,0.14190292358398438,0.12692022323608398,0.13593554496765137,0.13062596321105957,0.1292719841003418,0.12682199478149414,0.13830256462097168
One shot filter and split,0.05872111320495606,0.06436872482299805,0.06232094764709473,0.0561368465423584,0.06054210662841797,0.057511329650878906,0.05375409126281738,0.06730484962463379,0.05341458320617676,0.05402684211730957,0.057830810546875
Read case and ctrl in to memory,0.07167572975158691,0.07204627990722656,0.07156634330749512,0.07057356834411621,0.07106423377990723,0.06762480735778809,0.06499838829040527,0.08921670913696289,0.06987643241882324,0.06787657737731934,0.0719139575958252
Total (separate operations),0.26678152084350587,0.2852034568786621,0.26766371726989746,0.2663538455963135,0.2799491882324219,0.2490711212158203,0.25930094718933105,0.28266429901123047,0.26061105728149414,0.2492356300354004,0.2677619457244873
Total (one shot),0.15958945751190184,0.17116808891296387,0.16570544242858887,0.15390396118164062,0.16462302207946777,0.15161824226379395,0.14683771133422852,0.1823279857635498,0.15140676498413086,0.14815616607666016,0.16014719009399414
