Operation,Average,iter_1,iter_2,iter_3,iter_4,iter_5,iter_6,iter_7,iter_8,iter_9,iter_10
Data reading,0.06960270404815674,0.06901264190673828,0.06700253486633301,0.06600069999694824,0.06700873374938965,0.07400131225585938,0.06700015068054199,0.0670008659362793,0.07400178909301758,0.0749964714050293,0.07000184059143066
Data reading (no tabix),0.07160484790802002,0.07036542892456055,0.07100367546081543,0.06589722633361816,0.06490516662597656,0.07787108421325684,0.06599950790405273,0.06700015068054199,0.07999968528747559,0.08600378036499023,0.06700277328491211
DF reading,0.017348217964172363,0.0221099853515625,0.016095638275146484,0.01708841323852539,0.01708984375,0.017000675201416016,0.015999794006347656,0.01800060272216797,0.017998933792114258,0.01600050926208496,0.0160977840423584
Quality filtering,0.0007041215896606446,0.002018451690673828,0.0010116100311279297,0.0,0.001009225845336914,0.0,0.0010008811950683594,0.0009996891021728516,0.0010013580322265625,0.0,0.0
Case file reading,0.00030095577239990233,0.0,0.0,0.0010113716125488281,0.0,0.0009989738464355469,0.0,0.0,0.0,0.0009992122650146484,0.0
Case-control splitting,0.0009959936141967773,0.0009813308715820312,0.0009922981262207031,0.0009975433349609375,0.0010139942169189453,0.00099945068359375,0.0009996891021728516,0.0009987354278564453,0.0009982585906982422,0.0009996891021728516,0.0009789466857910156
Total,0.08895199298858643,0.09412240982055664,0.08510208129882812,0.0850980281829834,0.08612179756164551,0.09300041198730469,0.08500051498413086,0.08699989318847656,0.09400033950805664,0.09299588203430176,0.08707857131958008
