Operation,Average,iter_1,iter_2,iter_3,iter_4,iter_5,iter_6,iter_7,iter_8,iter_9,iter_10
Data reading,0.07114861011505128,0.07459688186645508,0.07084393501281738,0.07100152969360352,0.0688161849975586,0.07279181480407715,0.07172560691833496,0.07080483436584473,0.07000041007995605,0.07081484794616699,0.07009005546569824
Data reading (no tabix),0.07022833824157715,0.06806802749633789,0.0706641674041748,0.0694429874420166,0.06960940361022949,0.07364606857299805,0.0700082778930664,0.06967639923095703,0.07178139686584473,0.06961226463317871,0.06977438926696777
DF reading,0.016754746437072754,0.019047021865844727,0.016048431396484375,0.016179323196411133,0.018088817596435547,0.016088008880615234,0.01612997055053711,0.017142772674560547,0.016202449798583984,0.016088008880615234,0.01653265953063965
Quality filtering,0.0004973888397216796,0.0,0.0010042190551757812,0.0,0.0,0.001005411148071289,0.0,0.0,0.0009579658508300781,0.0010063648223876953,0.0009999275207519531
Case file reading,0.0003996372222900391,0.0,0.0,0.0010089874267578125,0.0010139942169189453,0.0,0.0009908676147460938,0.000982522964477539,0.0,0.0,0.0
Case-control splitting,0.0009912490844726563,0.000997781753540039,0.0009813308715820312,0.0009975433349609375,0.0009877681732177734,0.001001119613647461,0.0009984970092773438,0.0010030269622802734,0.000993967056274414,0.0009512901306152344,0.0010001659393310547
Total,0.0897916316986084,0.09464168548583984,0.08887791633605957,0.0891873836517334,0.08890676498413086,0.09088635444641113,0.08984494209289551,0.08993315696716309,0.08815479278564453,0.08886051177978516,0.0886228084564209
