Operation,Average,iter_1,iter_2,iter_3,iter_4,iter_5,iter_6,iter_7,iter_8,iter_9,iter_10
Data reading,25.49265172,25.8523182,25.6416493,24.9368503,25.7362061,25.4179936,25.4516389,25.8175866,24.894749,25.6829846,25.4945406
Data reading (no tabix),25.42694672,25.3452681,25.5088678,25.9097067,25.6540722,25.3779798,25.7358695,25.1931879,25.0971405,25.7102173,24.7371574
DF reading,25.48065181,25.2298591,25.525025,24.9021612,25.7880688,25.5691751,25.0443448,26.1149858,25.140678,24.9981168,26.4941035
DF making,0.00040035999999999994,0.0,0.0,0.0,0.0,0.0,0.001001,0.0010006,0.0,0.0010015,0.0010005
Quality filtering,9.865e-05,0.0,0.0009865,0.0,0.0,0.0,0.0,0.0,0.0,0.0,0.0
Case file reading,0.00050299,0.0010043,0.0,0.0010007,0.0010191,0.0010043,0.0,0.0,0.0010015,0.0,0.0
Case-control splitting,0.00079457,0.0009989,0.0009638,0.0,0.0009788,0.0010072,0.0009992,0.0009992,0.0,0.0009991,0.0009995
Total,50.97469974,51.084180499999995,51.1686246,49.8400122,51.5262728,50.98918019999999,50.4969829,51.9335716,50.0364285,50.682100500000004,51.9896436
Total (no df),25.49444829,25.8543214,25.6435996,24.937851,25.738204,25.4200051,25.453639099999997,25.8195864,24.895750500000002,25.684985200000003,25.4965406
