Operation,Average,iter_1,iter_2,iter_3,iter_4,iter_5,iter_6,iter_7,iter_8,iter_9,iter_10
Indexing,12.426391911506652,12.216930627822876,12.524416208267212,11.935693740844727,12.93178653717041,12.893416404724121,11.99292254447937,11.842710733413696,12.81717848777771,12.197098731994629,12.911765098571777
Pos filtering,0.04185464382171631,0.05772542953491211,0.032195091247558594,0.0534367561340332,0.03751945495605469,0.047213077545166016,0.03700566291809082,0.036057233810424805,0.038132667541503906,0.03430318832397461,0.044957876205444336
Pos and qual filtering,0.03866181373596191,0.04166078567504883,0.03413128852844238,0.039566755294799805,0.052999258041381836,0.035785675048828125,0.03400063514709473,0.05205535888671875,0.030014753341674805,0.028833866119384766,0.03756976127624512
Case-control splitting,141.26428112983703,139.63104486465454,145.87801003456116,136.66456937789917,145.61926579475403,137.23169946670532,136.8763358592987,142.70844078063965,142.1665985584259,141.46508979797363,144.40175676345825
One shot filter and split,0.06822152137756347,0.06650757789611816,0.06038641929626465,0.06625771522521973,0.07430386543273926,0.06598258018493652,0.08384919166564941,0.05604052543640137,0.05890774726867676,0.07703709602355957,0.07294249534606934
Read case and ctrl in to memory,0.0772845983505249,0.07108116149902344,0.06265449523925781,0.07141947746276855,0.0701756477355957,0.06573653221130371,0.06811189651489258,0.10271811485290527,0.07692646980285645,0.07055187225341797,0.11347031593322754
Total (separate operations),153.8066194534302,151.9607174396515,158.49921202659607,148.71124935150146,158.67422723770142,150.22663807868958,148.97137093544006,154.70592498779297,155.09071826934814,153.76157426834106,157.4645619392395
Total (one shot),12.571898031234742,12.354519367218018,12.647457122802734,12.073370933532715,13.076266050338745,13.025135517120361,12.144883632659912,12.001469373703003,12.953012704849243,12.344687700271606,13.098177909851074
