Operation,Average,iter_1,iter_2,iter_3,iter_4,iter_5,iter_6,iter_7,iter_8,iter_9,iter_10
Indexing,12.850611114501953,12.986295700073242,12.971876859664917,12.819376945495605,12.772207021713257,12.952103853225708,12.759653091430664,12.814300060272217,12.893116474151611,12.78859829902649,12.74858283996582
Pos filtering,0.039574384689331055,0.07375884056091309,0.03396439552307129,0.03599119186401367,0.034998178482055664,0.0320439338684082,0.03899788856506348,0.03957986831665039,0.036275386810302734,0.035074710845947266,0.035059452056884766
Pos and qual filtering,0.032245302200317384,0.03508710861206055,0.03253173828125,0.03106379508972168,0.032520294189453125,0.027985811233520508,0.03500986099243164,0.029998302459716797,0.03205156326293945,0.03262042999267578,0.0335841178894043
Case-control splitting,0.061302804946899415,0.0787804126739502,0.05704069137573242,0.05958747863769531,0.05699968338012695,0.05352973937988281,0.06662988662719727,0.05659604072570801,0.06568694114685059,0.05713987350463867,0.061037302017211914
One shot filter and split,0.06916613578796386,0.08069372177124023,0.06500530242919922,0.06828832626342773,0.0645139217376709,0.05783200263977051,0.07654857635498047,0.06118035316467285,0.0682830810546875,0.07165741920471191,0.07765865325927734
Read case and ctrl in to memory,0.07451164722442627,0.07677841186523438,0.07137393951416016,0.07712030410766602,0.07087945938110352,0.06804323196411133,0.08065056800842285,0.06885266304016113,0.07781386375427246,0.07680392265319824,0.07680010795593262
Total (separate operations),13.018670868873595,13.176941633224487,13.13282322883606,12.987148523330688,12.93260645866394,13.101662635803223,12.941943407058716,12.969747066497803,13.068668842315674,12.955162525177002,12.92000436782837
Total (one shot),12.994288897514343,13.143767833709717,13.108256101608276,12.9647855758667,12.907600402832031,13.07797908782959,12.916852235794067,12.94433307647705,13.039213418960571,12.9370596408844,12.90304160118103
