Operation,Average,iter_1,iter_2,iter_3,iter_4,iter_5,iter_6,iter_7,iter_8,iter_9,iter_10
Data reading,25.090384936332704,25.410738229751587,25.24530863761902,25.219656229019165,25.07073473930359,25.167437076568604,24.977860689163208,24.92074465751648,24.868954181671143,25.163854837417603,24.85856008529663
Data reading (no tabix),25.120998644828795,25.665621519088745,25.282612800598145,25.225996017456055,24.879056215286255,24.964280366897583,25.000935554504395,24.95086407661438,24.946036338806152,25.295465230941772,24.999118328094482
DF reading,24.912671399116515,25.33210062980652,25.2961847782135,25.014508485794067,24.77132821083069,24.832844257354736,24.891061305999756,24.718091249465942,24.64619517326355,24.771076917648315,24.853322982788086
Quality filtering,0.0007995128631591797,0.0,0.00099945068359375,0.001001596450805664,0.0010023117065429688,0.0010013580322265625,0.0010025501251220703,0.0010025501251220703,0.0,0.0009741783142089844,0.0010111331939697266
Case file reading,0.0008643627166748047,0.008643627166748047,0.0,0.0,0.0,0.0,0.0,0.0,0.0,0.0,0.0
Case-control splitting,0.0009701967239379883,0.0009133815765380859,0.0009992122650146484,0.000946044921875,0.0009591579437255859,0.0009553432464599609,0.0010066032409667969,0.0009641647338867188,0.0010170936584472656,0.0010006427764892578,0.0009403228759765625
Total,50.005690407752994,50.75239586830139,50.54349207878113,50.23611235618591,49.844024419784546,50.002238035202026,49.87093114852905,49.64080262184143,49.51616644859314,49.936906576156616,49.71383452415466
