Operation,Average,iter_1,iter_2,iter_3,iter_4,iter_5,iter_6,iter_7,iter_8,iter_9,iter_10
Data reading,25.359967041015626,26.40131402015686,25.618810653686523,25.043291807174683,25.5040066242218,24.983500480651855,25.095377206802368,25.985350370407104,25.128328561782837,24.970788955688477,24.86890172958374
Data reading (no tabix),25.18406150341034,26.276531457901,25.57089352607727,25.09841275215149,25.136661529541016,24.957853317260742,24.933494806289673,25.005916595458984,24.953964710235596,24.92931580543518,24.97757053375244
DF reading,25.198056411743163,26.684366941452026,25.29636573791504,24.78273582458496,25.10058879852295,24.79814100265503,25.37349843978882,25.169783353805542,24.953657865524292,24.860199689865112,24.96122646331787
Quality filtering,0.00010018348693847656,0.0,0.0,0.0,0.0,0.0,0.0010018348693847656,0.0,0.0,0.0,0.0
Case file reading,0.00040051937103271487,0.0,0.0009982585906982422,0.001001596450805664,0.0,0.0010075569152832031,0.0,0.0,0.0,0.000997781753540039,0.0
Case-control splitting,0.0007959365844726563,0.00099945068359375,0.0009984970092773438,0.0,0.0010027885437011719,0.0,0.0009987354278564453,0.0009996891021728516,0.0009992122650146484,0.0009622573852539062,0.0009987354278564453
Total,50.55932009220123,53.08668041229248,50.91717314720154,49.82702922821045,50.60559821128845,49.78264904022217,50.47087621688843,51.15613341331482,50.082985639572144,49.83294868469238,49.83112692832947
