Operation,Average,iter_1,iter_2,iter_3,iter_4,iter_5,iter_6,iter_7,iter_8,iter_9,iter_10
Indexing,0.0447504997253418,0.044602394104003906,0.04082369804382324,0.04415130615234375,0.05177736282348633,0.045340776443481445,0.04658842086791992,0.042629241943359375,0.04206490516662598,0.04557514190673828,0.04395174980163574
Pos filtering,0.03403606414794922,0.033005475997924805,0.030278444290161133,0.03156566619873047,0.04300999641418457,0.033936500549316406,0.03100275993347168,0.03299832344055176,0.03856849670410156,0.03261733055114746,0.033377647399902344
Pos and qual filtering,0.03470458984375,0.038064002990722656,0.03342247009277344,0.032007694244384766,0.03603410720825195,0.03599405288696289,0.037998199462890625,0.03399848937988281,0.03304719924926758,0.032530784606933594,0.03394889831542969
Case-control splitting,0.08197135925292968,0.07948064804077148,0.08366036415100098,0.09048652648925781,0.08081603050231934,0.07863831520080566,0.08264446258544922,0.08072781562805176,0.0765838623046875,0.07865619659423828,0.08801937103271484
One shot filter and split,0.08589518070220947,0.08213496208190918,0.08142900466918945,0.08253884315490723,0.09720182418823242,0.08265066146850586,0.07779932022094727,0.08076691627502441,0.08449625968933105,0.08523988723754883,0.10469412803649902
Read case and ctrl in to memory,0.015205693244934083,0.011998176574707031,0.014046430587768555,0.015998363494873047,0.01398158073425293,0.013996362686157227,0.015090703964233398,0.015144824981689453,0.01299905776977539,0.015001296997070312,0.023800134658813477
Total (separate operations),0.17663214206695557,0.17414522171020508,0.1719529628753662,0.18264389038085938,0.18260908126831055,0.17396950721740723,0.18232178688049316,0.1725003719329834,0.16469502449035645,0.17176342010498047,0.18972015380859375
Total (one shot),0.14585137367248535,0.13873553276062012,0.13629913330078125,0.14268851280212402,0.16296076774597168,0.14198780059814453,0.13947844505310059,0.13854098320007324,0.13956022262573242,0.14581632614135742,0.17244601249694824
