Operation,Average,iter_1,iter_2,iter_3,iter_4,iter_5,iter_6,iter_7,iter_8,iter_9,iter_10
Indexing,0.05270845890045166,0.055866241455078125,0.04368329048156738,0.042719125747680664,0.04500126838684082,0.044000864028930664,0.043839216232299805,0.043143272399902344,0.03798699378967285,0.044710397720336914,0.12613391876220703
Pos filtering,0.03499579429626465,0.03790545463562012,0.03212404251098633,0.03551006317138672,0.03839683532714844,0.03746914863586426,0.034891366958618164,0.032422542572021484,0.02805614471435547,0.037178754806518555,0.03600358963012695
Pos and qual filtering,0.03580796718597412,0.03803539276123047,0.03772997856140137,0.03695082664489746,0.036025047302246094,0.0331730842590332,0.03752779960632324,0.033086538314819336,0.02859330177307129,0.03201413154602051,0.04494357109069824
Case-control splitting,0.35515406131744387,0.37763094902038574,0.34781908988952637,0.3610057830810547,0.3470437526702881,0.3452281951904297,0.407470703125,0.35951805114746094,0.3239469528198242,0.32248544692993164,0.3593916893005371
One shot filter and split,0.08479433059692383,0.10792326927185059,0.0804758071899414,0.09365725517272949,0.08800411224365234,0.08275604248046875,0.07746291160583496,0.06458902359008789,0.07676291465759277,0.0975484848022461,0.07876348495483398
Read case and ctrl in to memory,0.013385319709777832,0.013010740280151367,0.014002799987792969,0.013000726699829102,0.01351022720336914,0.012961626052856445,0.01291203498840332,0.01200723648071289,0.010944128036499023,0.018010854721069336,0.013492822647094727
Total (separate operations),0.45705580711364746,0.4845433235168457,0.4432351589202881,0.4536764621734619,0.44158029556274414,0.43536376953125,0.5017497539520264,0.4477550983428955,0.4014713764190674,0.4172208309173584,0.5439620018005371
Total (one shot),0.15088810920715331,0.17680025100708008,0.13816189765930176,0.14937710762023926,0.1465156078338623,0.13971853256225586,0.13421416282653809,0.11973953247070312,0.12569403648376465,0.16026973724365234,0.21839022636413574
