Operation,Average,iter_1,iter_2,iter_3,iter_4,iter_5,iter_6,iter_7,iter_8,iter_9,iter_10
Data reading,0.07628455162048339,0.07051968574523926,0.07912325859069824,0.07927989959716797,0.07578206062316895,0.07513546943664551,0.07818412780761719,0.07516050338745117,0.07670402526855469,0.07556009292602539,0.07739639282226562
Data reading (no tabix),0.07971718311309814,0.07153153419494629,0.07396316528320312,0.08241152763366699,0.07876777648925781,0.07808876037597656,0.09876728057861328,0.0769050121307373,0.07674193382263184,0.08057618141174316,0.07941865921020508
DF reading,0.08035264015197754,0.07380294799804688,0.08140826225280762,0.07709598541259766,0.07575535774230957,0.09239387512207031,0.0970463752746582,0.07470178604125977,0.07734990119934082,0.07782721519470215,0.07614469528198242
Quality filtering,0.00039043426513671873,0.0,0.0,0.0010437965393066406,0.0,0.0,0.0009925365447998047,0.0,0.0009543895721435547,0.0,0.0009136199951171875
Case file reading,0.0001987457275390625,0.000989675521850586,0.000997781753540039,0.0,0.0,0.0,0.0,0.0,0.0,0.0,0.0
Case-control splitting,0.0,0.0,0.0,0.0,0.0,0.0,0.0,0.0,0.0,0.0,0.0
Total,0.1572263717651367,0.14531230926513672,0.1615293025970459,0.15741968154907227,0.15153741836547852,0.16752934455871582,0.1762230396270752,0.14986228942871094,0.15500831604003906,0.15338730812072754,0.15445470809936523
