Operation,Average,iter_1,iter_2,iter_3,iter_4,iter_5,iter_6,iter_7,iter_8,iter_9,iter_10
Data reading,0.07020518779754639,0.0690925121307373,0.06800532341003418,0.06900167465209961,0.06799960136413574,0.07000231742858887,0.07499551773071289,0.07102203369140625,0.07100319862365723,0.07096648216247559,0.06996321678161621
Data reading (no tabix),0.07010257244110107,0.06689906120300293,0.06810617446899414,0.0679929256439209,0.06900286674499512,0.06899213790893555,0.07399988174438477,0.07399821281433105,0.07104206085205078,0.06999588012695312,0.07099652290344238
DF reading,0.06970221996307373,0.0690011978149414,0.06899690628051758,0.06800317764282227,0.06900525093078613,0.06900238990783691,0.07500529289245605,0.0699758529663086,0.06999754905700684,0.06899666786193848,0.06903791427612305
Quality filtering,0.0010642051696777345,0.004654645919799805,0.0008997917175292969,0.0009946823120117188,0.0,0.0,0.0,0.0010533332824707031,0.0010385513305664062,0.001007080078125,0.000993967056274414
Case file reading,0.0,0.0,0.0,0.0,0.0,0.0,0.0,0.0,0.0,0.0,0.0
Case-control splitting,0.0,0.0,0.0,0.0,0.0,0.0,0.0,0.0,0.0,0.0,0.0
Total,0.14097161293029786,0.14274835586547852,0.13790202140808105,0.1379995346069336,0.13700485229492188,0.13900470733642578,0.15000081062316895,0.14205121994018555,0.14203929901123047,0.14097023010253906,0.13999509811401367
