Operation,Average,iter_1,iter_2,iter_3,iter_4,iter_5,iter_6,iter_7,iter_8,iter_9,iter_10
Data reading,0.06982259750366211,0.0667426586151123,0.06687545776367188,0.0687568187713623,0.06878280639648438,0.06680798530578613,0.0765073299407959,0.07509613037109375,0.07115292549133301,0.06972694396972656,0.06777691841125488
Data reading (no tabix),0.06956818103790283,0.06775689125061035,0.06551933288574219,0.06873917579650879,0.06860947608947754,0.06864571571350098,0.07000851631164551,0.0790567398071289,0.06969571113586426,0.06984615325927734,0.06780409812927246
DF reading,0.06939005851745605,0.06801319122314453,0.06799578666687012,0.0679175853729248,0.06810903549194336,0.06799650192260742,0.07779407501220703,0.06871581077575684,0.06970739364624023,0.06811356544494629,0.06953763961791992
Quality filtering,0.0014482498168945312,0.00903773307800293,0.0,0.0010030269622802734,0.0,0.0014729499816894531,0.00098419189453125,0.0010173320770263672,0.0,0.0009672641754150391,0.0
Case file reading,0.00025048255920410154,0.0,0.0,0.0,0.0009982585906982422,0.0005650520324707031,0.0,0.0,0.0009415149688720703,0.0,0.0
Case-control splitting,9.42230224609375e-05,0.0,0.0,0.0,0.0,0.0,0.0,0.000942230224609375,0.0,0.0,0.0
Total,0.14100561141967774,0.14379358291625977,0.134871244430542,0.13767743110656738,0.13789010047912598,0.1368424892425537,0.15528559684753418,0.14577150344848633,0.1418018341064453,0.1388077735900879,0.1373145580291748
