plot_type,n_variants,n_samples,n_values,dpi,average,cycle_0
plcolorfast,50,10,500,50,0.02600860595703125,0.02600860595703125
pcolormesh,50,10,500,50,0.16320180892944336,0.16320180892944336
matshow,50,10,500,50,0.015002965927124023,0.015002965927124023
imshow,50,10,500,50,0.013003349304199219,0.013003349304199219
